{
  "$schema": "http://json.schemastore.org/template",
  "author": "NSeed",
  "classifications": [ "Common", "Library" ],
  "name": "NSeed library",
  "identity": "nseed_core_template.csharp", // Unique name for this template
  "shortName": "nseedcoreclasslib", // Short name that can be used on the cli
  "tags": {
    "language": "C#" // Specify that this template is in C#.
  },
  "sourceName": "nseed_core_template", // Will replace the string 'nseed_basic_template' with the value provided via -n.
  //"preferNameDirectory": "true"
  "symbols": {
    "framework": {
      "type": "parameter",
      "defaultValue": "netcoreapp2.2",
      "replaces": "SelectedFramework"
    }
  }
}
